id,date,start_time,end_time,duration_hours,duration_minutes,course_id,category,project,location,efficiency,wellbeing,lecture_id,transport_mode,commute_minutes,notes,plan_id,lecture_content_id
,20/07/2026,08:45,10:45,2,120,System Identification with Parameter Estimation and Machine Learning,Exam,,University,,,,Bicycle,90,,,
,19/07/2026,12:24,17:15,4.85,291,System Identification with Parameter Estimation and Machine Learning,Studying,,Home,2,5,,,,,,
,18/07/2026,21:21,22:00,0.65,39,System Identification with Parameter Estimation and Machine Learning,Studying,,Home,,,,,,,,
,17/07/2026,22:15,23:21,1.1,66,System Identification with Parameter Estimation and Machine Learning,Studying,,Home,6,8,,,,,,
,17/07/2026,13:33,17:45,4.2,252,System Identification with Parameter Estimation and Machine Learning,Studying,,University,6,6,,Bicycle,90,,,
,13/07/2026,23:30,00:21,0.85,51,System Identification with Parameter Estimation and Machine Learning,Studying,,Home,,,,,,,,
,13/07/2026,17:18,19:30,2.2,132,System Identification with Parameter Estimation and Machine Learning,Studying,,Home,,,,,,,,
,10/07/2026,13:42,14:42,1,60,System Identification with Parameter Estimation and Machine Learning,Studying,,Home,,,,,,,,
,09/07/2026,13:45,14:15,0.5,30,System Identification with Parameter Estimation and Machine Learning,Studying,,University,,,,Bicycle,90,,,
,07/07/2026,14:15,16:30,2.25,135,Other University Stuff,Project Work,AkademeMate,Parents,,,,,,,,
,03/07/2026,16:45,18:00,1.25,75,Professional and Personal Development,Project Work,PPD2,Home,3,6,,,,,,
,03/07/2026,13:12,15:36,2.4,144,AI for Autonomous Robots,Project Work,CBL2_A,Home,5,6,,,,,,
,02/07/2026,13:45,15:45,2,120,System Identification with Parameter Estimation and Machine Learning,Exam,,University,7,6,,Bicycle,90,,,
,02/07/2026,08:57,11:57,3,180,System Identification with Parameter Estimation and Machine Learning,Studying,,Home,4,5,,,,,,
,01/07/2026,21:00,23:45,2.75,165,System Identification with Parameter Estimation and Machine Learning,Studying,,Home,6,6,,,,,,
,01/07/2026,10:45,17:00,6.25,375,System Identification with Parameter Estimation and Machine Learning,Studying,,University,3,7,,,,,,
,01/07/2026,08:45,10:00,1.25,75,Modelling and Simulation,Exam,,University,3,4,,Bicycle,87,,,
,30/06/2026,19:45,23:12,3.45,207,Modelling and Simulation,Studying,,Home,5,5,,,,,,
,30/06/2026,19:03,19:30,0.45,27,Modelling and Simulation,Studying,,Home,5,5,,,,,,
,30/06/2026,16:54,18:00,1.1,66,Modelling and Simulation,Studying,,Home,5,5,,,,,,
,30/06/2026,13:45,14:30,0.75,45,AI for Autonomous Robots,Exam,,University,4,4,,Bicycle,90,,,
,30/06/2026,09:18,11:30,2.2,132,AI for Autonomous Robots,Studying,,Home,5,5,,,,,,
,29/06/2026,19:48,21:33,1.75,105,AI for Autonomous Robots,Studying,,Home,3,4,,,,,,
,29/06/2026,15:09,16:57,1.8,108,AI for Autonomous Robots,Studying,,Home,4,5,,,,,,
,29/06/2026,12:00,14:30,2.5,150,AI for Autonomous Robots,Studying,,Home,6,5,,,,,,
,28/06/2026,18:24,23:15,4.85,291,AI for Autonomous Robots,Studying,,Home,2,4,,,,,,
,28/06/2026,15:30,17:03,1.55,93,AI for Autonomous Robots,Studying,,Home,3,5,,,,,,
,28/06/2026,11:30,15:30,4,240,Modelling and Simulation,Studying,,Home,6,5,,,,,,
,27/06/2026,12:27,16:30,4.05,243,System Identification with Parameter Estimation and Machine Learning,Studying,,University,2,7,,Public Transport,112,,,
,26/06/2026,20:57,00:18,3.35,201,System Identification with Parameter Estimation and Machine Learning,Studying,,Home,5,4,,,,,,
,26/06/2026,20:36,20:57,0.35,21,Modelling and Simulation,Studying,,Home,4,5,,,,,,
,26/06/2026,11:36,17:30,5.9,354,System Identification with Parameter Estimation and Machine Learning,Studying,,University,5,6,,Public Transport,99,,,
,25/06/2026,13:33,18:33,5,300,System Identification with Parameter Estimation and Machine Learning,Project Work,CBL2,Home,4,5,,,,,,
,24/06/2026,21:15,23:27,2.2,132,System Identification with Parameter Estimation and Machine Learning,Project Work,CBL2,Home,4,6,,,,,,
,24/06/2026,19:45,20:42,0.95,57,System Identification with Parameter Estimation and Machine Learning,Project Work,CBL2,Home,5,6,,,,,,
,24/06/2026,13:45,16:45,3,180,Biomechatronics,Exam,,University,4,3,,Bicycle,96,,,
,24/06/2026,10:45,11:51,1.1,66,Biomechatronics,Studying,,Home,4,4,,,,,,
,23/06/2026,22:12,23:00,0.8,48,Biomechatronics,Studying,,Home,3,5,,,,,,
,23/06/2026,11:30,18:00,6.5,390,Biomechatronics,Studying,,Home,6,5,,,,,,
,22/06/2026,13:00,16:00,3,180,System Identification with Parameter Estimation and Machine Learning,Group Work,CBL2,University,2,6,,,,,,
,22/06/2026,08:45,12:15,3.5,210,Modelling and Simulation,Presentation,M&S,University,4,4,,Bicycle,96,,,
,21/06/2026,22:42,23:00,0.3,18,Modelling and Simulation,Project Work,M&S,Home,4,3,,,,,,
,21/06/2026,20:30,21:12,0.7,42,Modelling and Simulation,Project Work,M&S,Home,5,5,,,,,,
,21/06/2026,14:12,15:51,1.65,99,Biomechatronics,Studying,,Home,3,4,,,,,,
,21/06/2026,13:39,14:12,0.55,33,Modelling and Simulation,Project Work,M&S,Home,2,4,,,,,,
,21/06/2026,12:06,12:54,0.8,48,Biomechatronics,Studying,,Home,6,5,,,,,,
,21/06/2026,11:24,12:06,0.7,42,Modelling and Simulation,Project Work,M&S,Home,6,5,,,,,,
,21/06/2026,06:54,10:45,3.85,231,AI for Autonomous Robots,Project Work,CBL2_A,Home,5,5,,,,,,
,20/06/2026,19:21,20:39,1.3,78,Biomechatronics,Studying,,Home,2,3,,,,,,
,20/06/2026,18:06,19:21,1.25,75,AI for Autonomous Robots,Project Work,CBL2_A,Home,5,5,,,,,,
,20/06/2026,15:00,18:06,3.1,186,Modelling and Simulation,Project Work,M&S,Home,5,5,,,,,,
,19/06/2026,21:54,23:06,1.2,72,System Identification with Parameter Estimation and Machine Learning,Studying,,Home,5,4,,,,,,
,19/06/2026,20:42,21:54,1.2,72,AI for Autonomous Robots,Studying,,Home,4,5,Lecture 3,,,,,
,19/06/2026,18:45,19:45,1,60,AI for Autonomous Robots,Studying,,Home,4,5,Lecture 2,,,,,
,19/06/2026,18:24,18:45,0.35,21,Biomechatronics,Studying,,Home,2,3,BM9,,,,,
,19/06/2026,17:51,18:24,0.55,33,Biomechatronics,Studying,,Home,3,4,BM8,,,,,
,19/06/2026,17:12,17:51,0.65,39,Biomechatronics,Studying,,Home,4,5,BM7,,,,,
,19/06/2026,15:24,16:45,1.35,81,Biomechatronics,Studying,,Home,3,4,BM6,,,,,
,19/06/2026,10:15,13:30,3.25,195,Modelling and Simulation,Group Work,M&S,University,3,5,,Bicycle,96,,,
,18/06/2026,16:09,18:51,2.7,162,System Identification with Parameter Estimation and Machine Learning,Studying,,Home,4,2,,,,,,
,18/06/2026,14:30,14:51,0.35,21,Modelling and Simulation,Project Work,M&S,Home,3,3,,,,,,
,18/06/2026,14:00,14:30,0.5,30,Modelling and Simulation,Group Work,M&S,Home,3,4,,,,,,
,17/06/2026,20:12,21:00,0.8,48,System Identification with Parameter Estimation and Machine Learning,Studying,,Home,3,5,,,,,,
,17/06/2026,18:21,18:54,0.55,33,Biomechatronics,Studying,,Home,5,4,BM5,,,,,
,17/06/2026,17:45,18:21,0.6,36,Biomechatronics,Studying,,Home,5,4,BM4,,,,,
,17/06/2026,16:00,17:45,1.75,105,Biomechatronics,Studying,,Home,4,4,BM3,,,,,
,17/06/2026,09:00,12:36,3.6,216,Modelling and Simulation,Group Work,M&S,University,,,,Bicycle,93,,,
,16/06/2026,22:03,22:45,0.7,42,Other University Stuff,Other,,Home,5,5,,,,,,
,16/06/2026,20:39,22:03,1.4,84,Biomechatronics,Studying,,Home,4,3,BM1,,,,,
,16/06/2026,13:18,15:24,2.1,126,Modelling and Simulation,Project Work,M&S,Home,5,5,,,,,,
,16/06/2026,12:00,13:18,1.3,78,AI for Autonomous Robots,Project Work,AI2,Home,6,5,,,,,,
,15/06/2026,22:30,23:09,0.65,39,Biomechatronics,Project Work,BM4,Home,5,4,,,,,,
,15/06/2026,16:00,19:21,3.35,201,Biomechatronics,Project Work,BM4,Home,4,5,,,,,,
,15/06/2026,09:30,10:30,1,60,Modelling and Simulation,Studying,M&S,University,3,4,,,,,,
,15/06/2026,09:00,09:30,0.5,30,Biomechatronics,Studying,,University,5,5,,Bicycle,93,,,
,14/06/2026,21:12,00:00,2.8,168,AI for Autonomous Robots,Project Work,AI2,Home,6,5,,,,,,
,14/06/2026,19:48,20:09,0.35,21,AI for Autonomous Robots,Project Work,AI2,Home,5,5,,,,,,
,14/06/2026,13:33,18:45,5.2,312,AI for Autonomous Robots,Project Work,AI2,Home,5,5,,,,,,
,14/06/2026,11:00,14:21,3.35,201,Modelling and Simulation,Project Work,M&S,Home,6,5,,,,,,
,14/06/2026,09:21,10:00,0.65,39,AI for Autonomous Robots,Project Work,AI2,Home,5,5,,,,,,
,13/06/2026,15:15,16:54,1.65,99,System Identification with Parameter Estimation and Machine Learning,Project Work,CBL2,Home,6,5,,,,,,
,13/06/2026,12:33,15:00,2.45,147,System Identification with Parameter Estimation and Machine Learning,Project Work,CBL2,Home,7,6,,,,,,
,13/06/2026,11:27,12:33,1.1,66,Professional and Personal Development,Project Work,PPD2,Home,5,5,,,,,,
,12/06/2026,22:45,23:39,0.9,54,Professional and Personal Development,Project Work,PPD2,Home,6,5,,,,,,
,12/06/2026,21:18,22:45,1.45,87,Other University Stuff,Studying,,Home,3,4,,,,,,
,12/06/2026,10:45,16:15,5.5,330,Biomechatronics,Group Work,BM4,University,4,6,,,,,,
,12/06/2026,09:30,10:30,1,60,Professional and Personal Development,Group Work,PPD2,University,6,5,,Bicycle,93,,,
,11/06/2026,21:27,22:03,0.6,36,AI for Autonomous Robots,Studying,,Home,3,5,Lecture 1,,,,,
,11/06/2026,16:54,20:12,3.3,198,Biomechatronics,Project Work,BM4,Home,6,5,,,,,,
,11/06/2026,16:09,16:54,0.75,45,Other University Stuff,Other,,Home,5,5,,,,,,
,11/06/2026,14:54,16:09,1.25,75,Professional and Personal Development,Project Work,PPD2,Home,6,5,,,,,,
,11/06/2026,09:00,12:33,3.55,213,Modelling and Simulation,Group Work,M&S,University,7,5,,Bicycle,87,,,
,10/06/2026,15:45,17:30,1.75,105,AI for Autonomous Robots,Group Work,AI2,University,2,4,,,,,,
,10/06/2026,14:51,15:30,0.65,39,Biomechatronics,Project Work,BM4,University,4,5,,,,,,
,10/06/2026,13:48,14:51,1.05,63,Professional and Personal Development,Project Work,,University,6,5,,,,,,
,10/06/2026,13:21,13:48,0.45,27,Modelling and Simulation,Project Work,M&S,University,4,5,,,,,,
,10/06/2026,11:00,12:30,1.5,90,Modelling and Simulation,Group Work,M&S,University,5,5,,Bicycle,87,,,
,09/06/2026,22:30,23:45,1.25,75,AI for Autonomous Robots,Studying,,Home,7,5,Lecture 1,,,,,
,09/06/2026,18:54,19:27,0.55,33,AI for Autonomous Robots,Studying,,Home,4,5,Lecture 1,,,,,
,09/06/2026,17:33,18:54,1.35,81,Biomechatronics,Project Work,BM4,Home,5,5,,,,,,
,09/06/2026,13:00,16:18,3.3,198,Biomechatronics,Group Work,BM4,University,4,6,,,,,,
,09/06/2026,10:45,12:30,1.75,105,Modelling and Simulation,Presentation,M&S7,University,6,5,,Bicycle,78,,,
,08/06/2026,21:12,22:21,1.15,69,Modelling and Simulation,Project Work,M&S7,Home,4,5,,,,,,
,08/06/2026,16:12,16:57,0.75,45,Professional and Personal Development,Project Work,PPD2,Home,6,6,,,,,,
,08/06/2026,14:54,16:12,1.3,78,Modelling and Simulation,Project Work,M&S7,Home,6,5,,,,,,
,08/06/2026,13:36,14:18,0.7,42,Modelling and Simulation,Project Work,M&S7,Home,6,5,,,,,,
,08/06/2026,13:00,13:36,0.6,36,Biomechatronics,Project Work,BM4,Home,5,5,,,,,,
,08/06/2026,07:57,10:00,2.05,123,Biomechatronics,Project Work,BM4,Home,4,5,,,,,,
,07/06/2026,21:33,22:36,1.05,63,Other University Stuff,Other,,Home,6,3,,,,,,
,07/06/2026,17:12,21:33,4.35,261,Modelling and Simulation,Project Work,M&S7,Home,4,4,,,,,,
,07/06/2026,10:09,12:45,2.6,156,Modelling and Simulation,Project Work,M&S7,Home,6,6,,,,,,
,05/06/2026,21:51,23:48,1.95,117,AI for Autonomous Robots,Project Work,AI2,Home,5,5,,,,,,
,05/06/2026,18:42,19:12,0.5,30,Other University Stuff,Other,,Home,6,5,,,,,,
,05/06/2026,17:42,18:42,1,60,Professional and Personal Development,Project Work,PPD2,Home,5,5,,,,,,
,05/06/2026,16:39,17:42,1.05,63,AI for Autonomous Robots,Project Work,AI2,Home,6,5,,,,,,
,05/06/2026,11:54,16:39,4.75,285,Biomechatronics,Project Work,BM3,Home,6,4,,,,,,
,04/06/2026,14:00,17:06,3.1,186,Modelling and Simulation,Group Work,M&S7,University,4,5,,,,,,
,04/06/2026,09:15,12:30,3.25,195,Modelling and Simulation,Group Work,M&S7,University,6,5,,Bicycle,78,,,
,03/06/2026,16:00,17:30,1.5,90,Professional and Personal Development,Group Work,,University,4,6,,,,,,
,03/06/2026,12:54,13:21,0.45,27,Biomechatronics,Group Work,BM3,University,2,7,,,,,,
,03/06/2026,10:45,12:54,2.15,129,Modelling and Simulation,Group Work,M&S7,University,6,5,,Bicycle,78,,,
,02/06/2026,17:24,18:09,0.75,45,Biomechatronics,Studying,,Home,4,3,BM9,,,,,
,02/06/2026,15:00,17:24,2.4,144,Biomechatronics,Project Work,BM3,Home,5,3,,,,,,
,02/06/2026,10:00,14:12,4.2,252,Biomechatronics,Project Work,BM3,Home,4,4,,,,,,
,01/06/2026,13:09,15:03,1.9,114,Biomechatronics,Project Work,BM3,Home,6,5,,,,,,
,01/06/2026,12:36,13:09,0.55,33,Biomechatronics,Studying,,Home,5,5,BM8,,,,,
,01/06/2026,08:45,10:30,1.75,105,Modelling and Simulation,Studying,M&S6,University,3,4,,Bicycle,78,,,
,31/05/2026,21:15,22:18,1.55,93,Other University Stuff,Studying,,Home,5,4,,,,,,
,30/05/2026,12:27,17:18,4.85,291,Modelling and Simulation,Project Work,M&S6,Parents,2,2,,,,,,
,30/05/2026,09:30,10:06,0.6,36,Modelling and Simulation,Project Work,M&S6,Parents,3,5,,,,,,
,29/05/2026,19:15,19:30,0.25,15,Modelling and Simulation,Project Work,M&S6,Parents,3,5,,,,,,
,28/05/2026,08:45,12:30,3.75,225,Modelling and Simulation,Project Work,M&S6,University,6,5,,Bicycle,78,,,
,27/05/2026,21:03,22:54,1.85,111,Modelling and Simulation,Project Work,M&S6,Home,4,3,,,,,,
,27/05/2026,12:42,14:09,1.45,87,Biomechatronics,Group Work,BM3,University,3,7,,,,,,
,27/05/2026,10:45,12:30,1.75,105,Modelling and Simulation,Group Work,M&S6,University,5,5,,Bicycle,81,,,
,26/05/2026,17:00,18:42,1.7,102,AI for Autonomous Robots,Project Work,AI1,Home,4,5,,,,,,
,26/05/2026,13:45,15:30,1.75,105,Modelling and Simulation,Presentation,M&S5,University,3,4,,Bicycle,78,,,
,26/05/2026,11:42,13:00,1.3,78,Modelling and Simulation,Project Work,M&S5,Home,5,5,,,,,,
,26/05/2026,10:57,11:42,0.75,45,Professional and Personal Development,Meeting,PPD 1,Home,6,5,,,,,,
,26/05/2026,09:21,10:57,1.6,96,AI for Autonomous Robots,Project Work,AI1,Home,5,5,,,,,,
,26/05/2026,00:03,00:57,0.9,54,Modelling and Simulation,Project Work,M&S5,Home,6,5,,,,,,
,25/05/2026,17:15,18:18,1.05,63,Modelling and Simulation,Project Work,M&S5,Home,4,3,,,,,,
,24/05/2026,16:30,17:15,0.75,45,Other University Stuff,Other,,Home,4,4,,,,,,
,24/05/2026,15:57,16:30,0.55,33,System Identification with Parameter Estimation and Machine Learning,Studying,,Home,3,4,,,,,,
,24/05/2026,15:39,15:57,0.3,18,Biomechatronics,Studying,,Home,5,4,BM7,,,,,
,24/05/2026,14:18,15:39,1.35,81,Modelling and Simulation,Project Work,M&S5,Home,6,4,,,,,,
,23/05/2026,11:42,14:36,2.9,174,AI for Autonomous Robots,Project Work,AI1,Home,6,4,,,,,,
,23/05/2026,11:12,11:42,0.5,30,Modelling and Simulation,Project Work,M&S5,Home,6,4,,,,,,
,22/05/2026,18:03,19:18,1.25,75,Biomechatronics,Project Work,BM2,Home,6,5,,,,,,
,22/05/2026,13:45,15:39,1.9,114,AI for Autonomous Robots,Group Work,AI1,University,3,6,,Bicycle,81,,,
,22/05/2026,12:27,12:45,0.3,18,AI for Autonomous Robots,Project Work,AI1,Home,4,5,,,,,,
,22/05/2026,10:48,12:27,1.65,99,Biomechatronics,Project Work,BM2,Home,5,4,,,,,,
,21/05/2026,15:45,17:30,1.75,105,AI for Autonomous Robots,Project Work,AI1,University,4,5,,Bicycle,81,,,
,20/05/2026,20:24,21:57,1.55,93,Biomechatronics,Project Work,BM2,Home,5,5,,,,,,
,20/05/2026,20:03,20:24,0.35,21,Biomechatronics,Studying,,Home,5,4,BM6,,,,,
,20/05/2026,16:00,16:18,0.3,18,Professional and Personal Development,Meeting,PPD 1,Home,6,5,,,,,,
,20/05/2026,10:45,12:30,1.75,105,Modelling and Simulation,Group Work,M&S5,University,3,4,,Bicycle,87,,,
,19/05/2026,22:33,23:00,0.45,27,Biomechatronics,Project Work,BM2,Home,5,5,,,,,,
,19/05/2026,19:42,20:30,0.8,48,Biomechatronics,Project Work,BM2,Home,5,5,,,,,,
,19/05/2026,18:18,19:06,0.8,48,Biomechatronics,Project Work,BM2,Home,5,5,,,,,,
,19/05/2026,16:06,18:18,2.2,132,Biomechatronics,Project Work,BM2,Home,5,5,,,,,,
,19/05/2026,12:42,13:21,0.65,39,Biomechatronics,Group Work,BM2,University,4,5,,,,,,
,19/05/2026,10:00,12:30,2.5,150,AI for Autonomous Robots,Group Work,AI1,University,6,5,,Bicycle,87,,,
,18/05/2026,15:45,17:12,1.45,87,Biomechatronics,Project Work,BM2,Home,5,5,,,,,,
,18/05/2026,13:30,15:12,1.7,102,Biomechatronics,Project Work,BM2,Home,5,5,,,,,,
,18/05/2026,08:45,10:30,1.75,105,Modelling and Simulation,Presentation,M&S4,University,3,3,,Bicycle,,,,
,16/05/2026,16:09,17:00,0.85,51,Modelling and Simulation,Project Work,M&S4,Parents,5,5,,,,,,
,16/05/2026,14:54,16:09,1.25,75,Biomechatronics,Project Work,BM2,Parents,4,4,,,,,,
,15/05/2026,11:00,14:15,3.25,195,Biomechatronics,Group Work,BM2,Other,5,6,,Bicycle,42,,,
,14/05/2026,17:18,17:39,0.35,21,Other University Stuff,Project Work,AkademeMate,Home,3,5,,,,,,
,14/05/2026,17:09,17:18,0.15,9,Professional and Personal Development,Project Work,PPD 2,Home,3,4,,,,,,
,14/05/2026,16:30,17:09,0.65,39,AI for Autonomous Robots,Project Work,AI1,Home,3,3,,,,,,
,14/05/2026,16:12,16:30,0.3,18,Other University Stuff,Other,,Home,5,5,,,,,,
,14/05/2026,13:45,16:12,2.45,147,System Identification with Parameter Estimation and Machine Learning,Studying,,Home,4,5,,,,,,
,14/05/2026,13:06,13:45,0.65,39,Biomechatronics,Studying,,Home,7,5,BM5,,,,,
,14/05/2026,12:48,13:06,0.3,18,AI for Autonomous Robots,Project Work,AI1,Home,5,5,,,,,,
,14/05/2026,11:36,12:48,1.2,72,Biomechatronics,Project Work,BM2,Home,6,5,,,,,,
,14/05/2026,10:51,11:36,0.75,45,Other University Stuff,Other,,Home,5,5,,,,,,
,13/05/2026,15:45,17:30,1.75,105,AI for Autonomous Robots,Group Work,AI1,University,4,5,,,,,,
,13/05/2026,14:45,15:30,0.75,45,Biomechatronics,Project Work,BM2,University,3,5,,,,,,
,13/05/2026,13:15,14:45,1.5,90,Biomechatronics,Group Work,BM2,University,6,6,,Public Transport,,,,
,12/05/2026,16:18,16:48,0.5,30,AI for Autonomous Robots,Project Work,AI1,Home,4,4,,,,,,
,12/05/2026,12:00,16:18,4.3,258,Modelling and Simulation,Project Work,M&S4,Home,5,4,,,,,,
,11/05/2026,17:27,18:06,0.65,39,Biomechatronics,Project Work,BM2,Home,5,3,,,,,,
,11/05/2026,08:45,11:30,1.75,105,Modelling and Simulation,Presentation,M&S3,University,5,5,,Bicycle,78,,,
,10/05/2026,13:45,16:06,2.35,141,Modelling and Simulation,Project Work,M&S3,Home,6,6,,,,,,
,10/05/2026,10:42,13:18,2.6,156,Modelling and Simulation,Project Work,M&S3,Home,7,6,,,,,,
,08/05/2026,13:57,14:18,0.35,21,Biomechatronics,Project Work,BM1,Home,6,5,,,,,,
,08/05/2026,10:45,11:03,0.3,18,Other University Stuff,Other,,University,5,5,,,,,,
,08/05/2026,08:45,10:30,1.75,105,AI for Autonomous Robots,Project Work,AI1,University,4,4,,Bicycle,81,,,
,07/05/2026,22:27,22:42,0.25,15,Other University Stuff,Other,,Home,5,5,,,,,,
,07/05/2026,18:18,19:45,1.45,87,AI for Autonomous Robots,Project Work,AI1,Home,6,5,,,,,,
,07/05/2026,08:45,12:15,3.5,210,Modelling and Simulation,Group Work,M&S3,University,4,6,,Public Transport,96,,,
,06/05/2026,15:45,17:30,1.75,105,AI for Autonomous Robots,Group Work,AI1,University,2,3,,,,,,
,06/05/2026,13:45,15:00,1.25,75,Biomechatronics,Group Work,BM1,University,6,6,,,,,,
,06/05/2026,13:00,13:45,0.75,45,AI for Autonomous Robots,Project Work,AI1,University,3,6,,,,,,
,06/05/2026,10:45,12:30,1.75,105,Modelling and Simulation,Group Work,M&S3,University,4,6,,Bicycle,81,,,
,03/05/2026,12:48,13:39,0.85,51,Other University Stuff,Other,,Parents,5,4,,,,,,
,03/05/2026,12:33,12:48,0.25,15,Professional and Personal Development,Project Work,PPD 2,Parents,6,4,,,,,,
,01/05/2026,18:18,18:45,0.45,27,AI for Autonomous Robots,Other,,Parents,5,5,,,,,,
,01/05/2026,17:09,18:18,1.15,69,Biomechatronics,Studying,,Parents,3,3,BM4,,,,,
,01/05/2026,14:12,17:09,2.95,177,Biomechatronics,Project Work,BM1,Parents,6,5,,,,,,
,01/05/2026,12:36,13:48,1.2,72,Biomechatronics,Project Work,BM1,Parents,6,5,,,,,,
,01/05/2026,10:57,12:36,1.65,99,Modelling and Simulation,Project Work,M&S2,Parents,6,6,,,,,,
,30/04/2026,12:30,13:30,1,60,Professional and Personal Development,Meeting,CBL 2,Home,5,4,,,,,,
,30/04/2026,08:45,11:00,2.25,135,Modelling and Simulation,Group Work,,University,4,3,,Bicycle,90,,,
,29/04/2026,18:36,19:45,1.15,69,Biomechatronics,Project Work,,Home,4,4,,,,,,
,29/04/2026,15:45,17:30,1.75,105,AI for Autonomous Robots,Group Work,AI1,University,2,3,,,,,,
,29/04/2026,12:45,15:33,2.8,168,Biomechatronics,Group Work,,University,3,7,,,,,,
,29/04/2026,10:45,12:30,1.75,105,Modelling and Simulation,Group Work,M&S2,University,7,6,,Bicycle,96,,,
,28/04/2026,17:48,22:12,4.4,264,AI for Autonomous Robots,Other,,Home,3,4,,,,,,
,28/04/2026,17:00,17:48,0.8,48,Other University Stuff,Other,,Home,2,4,,,,,,
,28/04/2026,10:45,12:30,1.75,105,Modelling and Simulation,Presentation,,University,6,5,,Bicycle,87,,,
,28/04/2026,08:45,10:30,1.75,105,AI for Autonomous Robots,Lecture,,University,2,3,Lecture 3,,,,,
,27/04/2026,17:51,18:12,0.35,21,Other University Stuff,Other,,Home,5,5,,,,,,
,27/04/2026,17:30,17:51,0.35,21,AI for Autonomous Robots,Project Work,AI1,Home,3,5,,,,,,
,27/04/2026,14:57,16:18,1.35,81,AI for Autonomous Robots,Project Work,AI1,Home,5,5,,,,,,
,27/04/2026,14:03,14:57,0.9,54,Biomechatronics,Studying,,Home,5,4,BM3,,,,,
,27/04/2026,12:57,13:15,0.3,18,Biomechatronics,Studying,,Home,3,4,BM3,,,,,
,27/04/2026,11:30,12:21,0.85,51,Biomechatronics,Project Work,BM1,Home,5,5,,,,,,
,26/04/2026,18:21,18:48,0.45,27,AI for Autonomous Robots,Project Work,AI1,Home,4,4,,,,,,
,26/04/2026,18:03,18:21,0.3,18,Other University Stuff,Other,,Home,3,3,,,,,,
,26/04/2026,17:36,18:03,0.45,27,AI for Autonomous Robots,Project Work,AI1,Home,3,4,,,,,,
,26/04/2026,17:03,17:36,0.55,33,System Identification with Parameter Estimation and Machine Learning,Studying,,Home,3,4,,,,,,
,26/04/2026,14:06,17:03,2.95,177,Biomechatronics,Project Work,BM1,Home,6,5,,,,,,
,26/04/2026,12:09,14:06,1.95,117,Modelling and Simulation,Project Work,M&S1,Home,4,5,,,,,,
,24/04/2026,14:45,17:36,2.85,171,Modelling and Simulation,Group Work,M&S1,University,5,6,,,,,,
,24/04/2026,12:00,13:30,1.5,90,Professional and Personal Development,Project Work,PPD 2,University,6,5,,,,,,
,24/04/2026,11:00,12:00,1,60,Professional and Personal Development,Meeting,CBL 2,University,4,6,,Bicycle,90,,,
,23/04/2026,19:00,19:18,0.3,18,AI for Autonomous Robots,Project Work,AI1,Home,6,5,,,,,,
,23/04/2026,18:27,19:00,0.55,33,Other University Stuff,Other,,Home,6,6,,,,,,
,23/04/2026,18:15,18:27,0.2,12,AI for Autonomous Robots,Studying,,Home,5,5,,,,,,
,23/04/2026,13:36,18:15,4.65,279,Modelling and Simulation,Project Work,M&S1,Home,7,5,,,,,,
,23/04/2026,13:00,13:36,0.6,36,Other University Stuff,Other,,Home,3,5,,,,,,
,23/04/2026,09:57,10:21,0.4,24,Other University Stuff,Other,,Home,7,5,,,,,,
,23/04/2026,08:15,08:57,0.7,42,Other University Stuff,Other,,Home,7,5,,,,,,
,22/04/2026,15:45,16:45,1,60,System Identification with Parameter Estimation and Machine Learning,Lecture,,University,2,4,Lecture 2,,,,,
,22/04/2026,13:03,15:30,2.45,147,Biomechatronics,Lecture,,University,6,4,BM2,,,,,
,22/04/2026,12:51,13:03,0.2,12,Other University Stuff,Studying,,University,6,5,,,,,,
,22/04/2026,10:45,12:30,1.75,105,Modelling and Simulation,Group Work,M&S1,University,4,5,TUT1,,,,,
,20/04/2026,19:15,19:33,0.3,18,System Identification with Parameter Estimation and Machine Learning,Studying,,Parents,,,,,,,,
,20/04/2026,17:45,18:21,0.6,36,Biomechatronics,Studying,,Parents,5,5,BM2,,,,,
,20/04/2026,15:06,17:45,2.65,159,Modelling and Simulation,Project Work,M&S1,Parents,7,6,,,,,,
,19/04/2026,15:15,17:12,1.95,117,Other University Stuff,Other,,Parents,6,6,,,,,,
,17/04/2026,22:00,22:15,0.25,15,Advanced Software Development for Robotics,Project Work,ASDfR 3,Parents,5,6,,,,,,
,17/04/2026,14:00,15:00,1,60,Professional and Personal Development,Project Work,PPD 1,Parents,4,5,,,,,,
,17/04/2026,09:42,10:42,1,60,Professional and Personal Development,Project Work,PPD 1,Parents,3,5,,,,,,
,16/04/2026,18:30,18:45,0.25,15,Professional and Personal Development,Project Work,PPD 1,Parents,7,5,,,,,,
,16/04/2026,11:24,14:00,2.6,156,Work,Work,,HomeOffice,,,,,,,,
,16/04/2026,08:45,10:45,2,120,Biomechanics of Human Movement,Exam,,University,5,5,,Bicycle,81,,,
,15/04/2026,18:45,18:54,0.15,9,Other University Stuff,Other,,Home,,,,,,,,
,15/04/2026,17:30,18:45,1.25,75,Biomechanics of Human Movement,Exam Prep,,Home,5,5,,,,,,
,15/04/2026,16:36,17:30,0.9,54,Work,Work,,HomeOffice,5,5,,,,,,
,15/04/2026,12:15,16:36,4.35,261,Biomechanics of Human Movement,Exam Prep,,Home,5,4,,,,,,
,15/04/2026,10:00,12:15,2.25,135,Advanced Software Development for Robotics,Project Work,ASDfR 3,Home,7,7,,,,,,
,14/04/2026,22:21,00:03,1.7,102,Advanced Software Development for Robotics,Project Work,ASDfR 3,Home,7,6,,,,,,
,14/04/2026,16:57,18:36,1.65,99,Advanced Software Development for Robotics,Project Work,ASDfR 3,Home,7,5,,,,,,
,14/04/2026,10:45,16:00,5.25,315,Advanced Software Development for Robotics,Project Work,ASDfR 3,University,6,4,,Public Transport,105,,,
,13/04/2026,12:30,13:30,1,60,Design Principles for Robotic and Mechatronic Mechanisms,Presentation,DPPM II,University,6,6,,Bicycle,81,,,
,13/04/2026,11:03,11:36,0.55,33,Design Principles for Robotic and Mechatronic Mechanisms,Project Work,DPPM II,Home,6,5,,,,,,
,12/04/2026,22:15,22:21,0.1,6,Other University Stuff,Other,,Home,5,4,,,,,,
,12/04/2026,21:33,22:15,0.7,42,Design Principles for Robotic and Mechatronic Mechanisms,Project Work,DPPM II,Home,5,4,,,,,,
,12/04/2026,10:21,15:00,4.65,279,Biomechanics of Human Movement,Exam Prep,,Home,3,3,,,,,,
,11/04/2026,23:06,00:03,0.95,57,Other University Stuff,Other,,Home,5,5,,,,,,
,11/04/2026,23:00,23:06,0.1,6,Biomechanics of Human Movement,Exam Prep,,Home,3,4,,,,,,
,11/04/2026,19:00,19:21,0.35,21,Biomechanics of Human Movement,Exam Prep,,Home,4,4,,,,,,
,11/04/2026,12:54,19:00,6.1,366,Advanced Software Development for Robotics,project Work,ASDfR 3,Home,8,5,,,,,,
,11/04/2026,11:54,12:54,1,60,Design Principles for Robotic and Mechatronic Mechanisms,Project Work,DPPM II,Home,5,4,,,,,,
,10/04/2026,23:42,00:18,0.6,36,Other University Stuff,Other,,Home,6,5,,,,,,
,10/04/2026,22:15,23:42,1.45,87,Professional and Personal Development,Project Work,PPD 1,Home,5,5,,,,,,
,09/04/2026,12:21,15:30,3.15,189,Design Principles for Robotic and Mechatronic Mechanisms,Project Work,DPPM II,Home,6,3,,,,,,
,08/04/2026,21:35,23:11,1.6,96,Professional and Personal Development,Project Work,PPD 1,Home,6,4,,,,,,
,08/04/2026,18:51,19:33,0.7,42,Professional and Personal Development,Project Work,PPD 1,Home,5,4,,,,,,
,08/04/2026,17:57,18:51,0.9,54,Design Principles for Robotic and Mechatronic Mechanisms,Project Work,DPPM II,Home,6,6,,,,,,
,08/04/2026,17:30,17:57,0.45,27,Design Principles for Robotic and Mechatronic Mechanisms,Meeting,DPPM II,Home,5,4,,,,,,
,08/04/2026,11:00,15:45,4.75,285,Advanced Software Development for Robotics,project Work,ASDfR 3,University,4,5,,Bicycle,81,,,
,07/04/2026,21:00,23:30,2.5,150,Design Principles for Robotic and Mechatronic Mechanisms,Project Work,DPPM II,Home,6,4,,,,,,
,07/04/2026,17:09,19:15,2.1,126,Design Principles for Robotic and Mechatronic Mechanisms,Project Work,DPPM II,Home,5,4,,,,,,
,07/04/2026,16:00,17:09,1.15,69,Other University Stuff,Other,,Home,4,3,,,,,,
,07/04/2026,12:30,13:15,0.75,45,Professional and Personal Development,Meeting,PPD 1,University,4,3,,,,,,
,07/04/2026,08:45,12:00,3.25,195,Design Principles for Robotic and Mechatronic Mechanisms,Meeting,DPPM II,University,6,4,,Bicycle,81,,,
,02/04/2026,15:42,16:03,0.35,21,Other University Stuff,Other,,Parents,7,2,,,,,,
,02/04/2026,15:00,15:42,0.7,42,Advanced Software Development for Robotics,project Work,ASDfR 3,Parents,4,2,,,,,,
,02/04/2026,13:00,15:00,2,120,Design Principles for Robotic and Mechatronic Mechanisms,Project Work,DPPM II,Parents,3,3,,,,,,
,01/04/2026,13:45,16:00,2.25,135,Design Principles for Robotic and Mechatronic Mechanisms,Project Work,DPPM II,Parents,6,4,,,,,,
,01/04/2026,10:51,12:21,1.5,90,Design Principles for Robotic and Mechatronic Mechanisms,Meeting,DPPM II,Parents,2,3,,,,,,
,31/03/2026,11:00,15:45,4.75,285,Advanced Software Development for Robotics,project Work,ASDfR 3,University,4,2,,,,,,
,31/03/2026,08:45,11:00,2.25,135,Design Principles for Robotic and Mechatronic Mechanisms,Meeting,DPPM II,University,3,1,,Bicycle,81,,,
,30/03/2026,14:24,18:33,4.15,249,Design Principles for Robotic and Mechatronic Mechanisms,Project Work,DPPM II,Home,2,3,,,,,,
,30/03/2026,13:57,14:24,0.45,27,Other University Stuff,Other,,Home,2,3,,,,,,
,29/03/2026,21:06,22:57,1.85,111,Design Principles for Robotic and Mechatronic Mechanisms,Project Work,DPPM II,Home,5,3,,,,,,
,27/03/2026,15:24,18:36,3.2,192,Design Principles for Robotic and Mechatronic Mechanisms,Project Work,DPPM II,Home,4,3,,,,,,
,27/03/2026,08:45,12:03,3.3,198,Professional and Personal Development,Group Work,PPD 1,University,6,7,,Bicycle,90,,,
,26/03/2026,15:45,16:45,1,60,Biomechanics of Human Movement,Lecture,,University,1,5,BMHM10,,,,,
,26/03/2026,13:30,15:30,2,120,Design Principles for Robotic and Mechatronic Mechanisms,Meeting,DPPM II,University,6,5,,Public Transport,120,,,
,25/03/2026,20:21,21:33,1.2,72,Advanced Software Development for Robotics,Project Work,ASDfR 3,Home,4,4,,,,,,
,25/03/2026,17:45,18:48,1.05,63,Advanced Software Development for Robotics,Project Work,ASDfR 3,Home,4,6,,,,,,
,25/03/2026,11:06,17:45,6.65,399,Biomechanics of Human Movement,Project Work,Biomechanics 3,Home,7,6,,,,,,
,25/03/2026,10:24,11:06,0.7,42,Other University Stuff,other,,Home,5,3,,,,,,
,24/03/2026,17:54,19:03,1.15,69,Advanced Software Development for Robotics,Project Work,ASDfR 3,Home,4,4,,,,,,
,24/03/2026,10:45,15:45,5,300,Advanced Software Development for Robotics,Project Work,ASDfR 3,University,5,6,,,,,,
,24/03/2026,09:09,10:30,1.35,81,Design Principles for Robotic and Mechatronic Mechanisms,Meeting,DPPM II,University,6,5,,Bicycle,81,,,
,23/03/2026,17:12,19:30,2.3,138,Other University Stuff,other,AkademeMate,Home,5,4,,,,,,
,23/03/2026,13:45,14:45,1,60,Biomechanics of Human Movement,Meeting,Biomechanics 3,University,4,6,,,,,,
,23/03/2026,12:45,13:30,0.75,45,Professional and Personal Development,Meeting,PPD 1,University,6,5,,Bicycle,81,,,
,22/03/2026,13:42,17:15,3.55,213,Advanced Software Development for Robotics,Project Work,ASDfR 3,Home,7,5,,,,,,
,22/03/2026,12:48,13:42,0.9,54,Other University Stuff,other,,Home,6,4,,,,,,
,21/03/2026,22:42,23:00,0.3,18,Other University Stuff,other,,Home,5,4,,,,,,
,21/03/2026,15:51,18:15,2.4,144,Design Principles for Robotic and Mechatronic Mechanisms,Project Work,DPPM II,Home,3,2,,,,,,
,21/03/2026,15:30,15:51,0.35,21,Biomechanics of Human Movement,Studying,,Home,6,4,BMHM10,,,,,
,20/03/2026,22:51,23:03,0.2,12,Professional and Personal Development,Project Work,PPD 1,Home,6,4,,,,,,
,20/03/2026,22:18,22:51,0.55,33,Other University Stuff,Other,,Home,6,4,,,,,,
,20/03/2026,22:00,22:18,0.3,18,Advanced Software Development for Robotics,Project Work,ASDfR 2,Home,5,4,,,,,,
,20/03/2026,21:45,22:00,0.25,15,Biomechanics of Human Movement,Project work,Biomechanics 2,Home,6,2,,,,,,
,20/03/2026,20:15,21:45,1.5,90,Advanced Software Development for Robotics,Project Work,ASDfR 2,Home,4,3,,,,,,
,20/03/2026,16:33,19:30,2.95,177,Advanced Software Development for Robotics,Project Work,ASDfR 2,Home,4,5,,,,,,
,20/03/2026,15:30,16:33,1.05,63,Design Principles for Robotic and Mechatronic Mechanisms,Meeting,DPPM II,Home,5,4,,,,,,
,20/03/2026,10:00,15:30,5.5,330,Advanced Software Development for Robotics,Project Work,ASDfR 2,Home,4,5,,,,,,
,19/03/2026,14:39,19:45,5.1,306,Advanced Software Development for Robotics,Project Work,ASDfR 3,Home,8,7,,,,,,
,19/03/2026,11:00,13:00,2,120,Design Principles for Robotic and Mechatronic Mechanisms,Project Work,DPPM II,University,6,7,,Bicycle,81,,,
,18/03/2026,22:30,23:15,0.75,45,Other University Stuff,Other,,Home,4,3,,,,,,
,18/03/2026,11:30,15:57,4.45,267,Advanced Software Development for Robotics,Project Work,ASDfR 2,Home,5,5,,,,,,
,18/03/2026,11:15,11:30,0.25,15,Biomechanics of Human Movement,Studying,,Home,5,5,BMHM9,,,,,
,18/03/2026,07:30,11:06,3.6,216,Work,Project work,,Home Office,6,4,,,,,,
,17/03/2026,16:45,18:45,2,120,Advanced Software Development for Robotics,Project Work,ASDfR 2,Home,5,3,,,,,,
,17/03/2026,15:24,16:45,1.35,81,Other University Stuff,Other,,Home,5,3,,,,,,
,17/03/2026,10:45,12:30,1.75,105,Design Principles for Robotic and Mechatronic Mechanisms,Project Work,DPPM II,University,5,4,,,,,,
,17/03/2026,08:45,10:45,2,120,Design Principles for Robotic and Mechatronic Mechanisms,Exam,,University,6,3,,Bicycle,81,,,
,16/03/2026,16:15,20:48,4.55,273,Design Principles for Robotic and Mechatronic Mechanisms,Exam Prep,,Home,4,3,,,,,,
,15/03/2026,16:36,19:15,2.65,159,Design Principles for Robotic and Mechatronic Mechanisms,Exam Prep,,Parents,5,6,,,,,,
,14/03/2026,16:03,16:09,0.1,6,Biomechanics of Human Movement,Studying,,Parents,5,3,BMHM8,,,,,
,14/03/2026,13:03,16:03,3,180,Design Principles for Robotic and Mechatronic Mechanisms,Exam Prep,,Parents,2,5,,,,,,
,13/03/2026,10:15,13:00,2.75,165,Design Principles for Robotic and Mechatronic Mechanisms,Exam Prep,,Home,6,6,,,,,,
,12/03/2026,16:48,17:12,0.4,24,Design Principles for Robotic and Mechatronic Mechanisms,Exam Prep,,Home,4,5,,,,,,
,12/03/2026,14:36,16:48,2.2,132,Advanced Software Development for Robotics,Project Work,ASDfR 2,Home,8,7,,,,,,
,12/03/2026,11:57,14:36,2.65,159,Biomechanics of Human Movement,Project work,Biomechanics 2,Home,7,6,,,,,,
,12/03/2026,11:30,11:57,0.45,27,Other University Stuff,Other,,Home,6,5,,,,,,
,12/03/2026,07:25,11:25,4,240,Work,Project work,,Home Office,6,4,,,,,,
,11/03/2026,20:49,22:31,1.7,102,Biomechanics of Human Movement,Project work,Biomechanics 2,Home,7,6,,,,,,
,11/03/2026,18:24,19:39,1.25,75,Advanced Software Development for Robotics,Project Work,ASDfR 2,Home,7,6,,,,,,
,11/03/2026,15:21,17:06,1.75,105,Advanced Software Development for Robotics,Project Work,ASDfR 2,Home,7,6,,,,,,
,11/03/2026,11:12,15:21,4.15,249,Design Principles for Robotic and Mechatronic Mechanisms,Exam Prep,,Home,6,5,,,,,,
,11/03/2026,10:12,11:12,1,60,Other University Stuff,Studying,,Home,5,5,,,,,,
,10/03/2026,13:45,15:45,2,120,Advanced Software Development for Robotics,Project Work,ASDfR 2,University,6,7,,Bicycle,81,,,
,10/03/2026,10:21,12:33,2.2,132,Design Principles for Robotic and Mechatronic Mechanisms,Exam Prep,,Home,4,6,,,,,,
,10/03/2026,09:45,10:21,0.6,36,Biomechanics of Human Movement,Project work,Biomechanics 2,Home,5,5,,,,,,
,09/03/2026,11:45,11:57,0.2,12,Other University Stuff,Studying,,Home,5,5,,,,,,
,09/03/2026,11:36,11:45,0.15,9,Biomechanics of Human Movement,Studying,,Home,5,3,BMHM7,,,,,
,05/03/2026,13:45,15:45,2,120,Advanced Software Development for Robotics,Group Work,ASDfR 2,University,6,7,,,,,,
,05/03/2026,12:45,13:30,0.75,45,Professional and Personal Development,Meeting,PPD 1,University,4,6,,,,,,
,05/03/2026,10:45,12:30,1.75,105,Biomechanics of Human Movement,Lecture,,University,3,3,BMHM6,Public Transport,120,,,
,05/03/2026,09:15,09:30,0.25,15,Biomechanics of Human Movement,Project work,Biomechanics 1,Home,5,5,,,,,,
,05/03/2026,19:39,21:57,2.3,138,Biomechanics of Human Movement,Project work,Biomechanics 1,Home,5,3,,,,,,
,05/03/2026,17:09,18:00,0.85,51,Other University Stuff,Other,,Home,5,5,,,,,,
,04/03/2026,20:09,23:27,3.3,198,Biomechanics of Human Movement,Project work,Biomechanics 1,Home,4,4,,,,,,
,04/03/2026,23:27,23:39,0.2,12,Other University Stuff,Studying,,Home,5,5,,,,,,
,04/03/2026,23:39,00:21,0.7,42,Design Principles for Robotic and Mechatronic Mechanisms,Studying,,Home,3,5,DPPM9,,,,,
,04/03/2026,00:21,01:54,1.55,93,Advanced Software Development for Robotics,Project Work,ASDfR 2,Home,7,7,,,,,,
,04/03/2026,12:30,13:15,0.75,45,Biomechanics of Human Movement,Lecture,,Home,5,5,BMHM6,,,,,
,03/03/2026,14:45,18:27,3.7,222,Biomechanics of Human Movement,Project work,Biomechanics 1,Home,6,5,,,,,,
,03/03/2026,13:45,14:45,1,60,Design Principles for Robotic and Mechatronic Mechanisms,Studying,,Home,3,5,DPPM8,,,,,
,03/03/2026,11:06,13:45,2.65,159,Design Principles for Robotic and Mechatronic Mechanisms,Studying,,Home,3,5,DPPM7,,,,,
,03/03/2026,11:00,11:06,0.1,6,Professional and Personal Development,Project work,PPD 1,Home,6,5,,,,,,
,03/03/2026,10:24,11:00,0.6,36,Other University Stuff,Studying,,Home,5,5,,,,,,
,02/03/2026,15:15,15:30,0.25,15,Biomechanics of Human Movement,Project work,Biomechanics 1,University,4,5,,Public Transport,30,,,
,27/02/2026,13:00,14:45,1.75,105,Advanced Software Development for Robotics,Project Work,ASDfR 1,Parents,7,7,,,,,,
,26/02/2026,21:15,22:00,0.75,45,System Improvement (Spreadsheet),Project work,AkademeMate,Parents,8,6,,,,,,
,26/02/2026,19:48,21:09,1.35,81,Advanced Software Development for Robotics,Project Work,ASDfR 1,Parents,6,7,,,,,,
,26/02/2026,11:24,13:51,2.45,147,Advanced Software Development for Robotics,Project Work,ASDfR 1,Home,7,6,,,,,,
,26/02/2026,07:00,11:00,4,240,Work,Project Work,,Home Office,3,5,,,,,,
,25/02/2026,17:39,19:00,1.35,81,Advanced Software Development for Robotics,Project Work,ASDfR 1,Home,4,3,,,,,,
,24/02/2026,15:20,17:20,2,120,System Improvement (Spreadsheet),Project Work,AkademeMate,Elsewhere,,,,,,,,
,24/02/2026,10:30,12:15,1.75,105,System Improvement (Spreadsheet),Project Work,,Elsewhere,,,,,,,,
,21/02/2026,15:44,17:14,1.5,90,Professional and Personal Development,Meeting,PPD 1,Elsewhere,,,,,,,,
,21/02/2026,14:23,15:44,1.35,81,Advanced Software Development for Robotics,Project Work,ASDfR 1,Elsewhere,,,,,,,,
,20/02/2026,12:03,14:30,2.45,147,Advanced Software Development for Robotics,Project Work,ASDfR 1,Home,,,,,,,,
,20/02/2026,11:33,12:00,0.45,27,Other University Stuff,Other,,Home,,,,,,,,
,19/02/2026,16:15,19:06,2.85,171,Advanced Software Development for Robotics,Project Work,ASDfR 1,Home,,,,,,,,
,19/02/2026,13:30,15:30,2,120,Advanced Software Development for Robotics,Meeting,ASDfR 1,University,,,,,,,,
,19/02/2026,11:00,11:45,0.75,45,Biomechanics of Human Movement,Meeting,BMHM 1,University,,,,,,,,
,19/02/2026,09:57,10:57,1,60,Advanced Software Development for Robotics,Project Work,ASDfR 1,University,,,,,,,,
,19/02/2026,09:00,09:57,0.95,57,Professional and Personal Development,Meeting,PPD 1,University,6,5,,Public Transport,120,,,
,18/02/2026,19:30,21:51,2.35,141,Advanced Software Development for Robotics,Project Work,ASDfR 1,Home,7,7,,,,,,
,18/02/2026,14:29,17:56,3.45,207,Biomechanics of Human Movement,Project Work,BMHM 1,Home,5,6,,,,,,
,18/02/2026,07:54,12:39,4.75,285,Work,Project Work,,Work (Epe),6,5,,Bicycle,40,,,
,17/02/2026,18:19,18:49,0.5,30,Biomechanics of Human Movement,Lecture,,Home,3,4,BMHM5,,,,,
,17/02/2026,12:30,18:15,5.75,345,Advanced Software Development for Robotics,Project Work,ASDfR 1,Home,4,3,,,,,,
,16/02/2026,15:14,16:38,1.4,84,Design Principles for Robotic and Mechatronic Mechanisms,Studying,,Parents,5,6,DPPM6,,,,,
,16/02/2026,14:14,15:14,1,60,Design Principles for Robotic and Mechatronic Mechanisms,Studying,,Parents,5,6,DPPM5,,,,,
,16/02/2026,13:56,14:14,0.3,18,Advanced Software Development for Robotics,Project Work,ASDfR 1,Parents,4,6,,,,,,
,16/02/2026,07:30,12:00,4.5,270,Work,Project Work,,Parents,2,7,,,,,,
,15/02/2026,10:59,11:08,0.15,9,Design Principles for Robotic and Mechatronic Mechanisms,Studying,,Parents,2,6,DPPM5,,,,,
,13/02/2026,14:30,15:45,1.25,75,Professional and Personal Development,Meeting,PPD 1,University,7,7,,Public Transport,120,,,
,13/02/2026,11:10,12:22,1.2,72,Design Principles for Robotic and Mechatronic Mechanisms,Lecture,,Home,4,5,DPPM5,,,,,
,12/02/2026,19:29,20:02,0.55,33,Professional and Personal Development,Project Work,PPD 1,Home,8,6,,,,,,
,12/02/2026,16:55,19:28,2.55,153,Other University Stuff,Other,,Home,5,5,,,,,,
,12/02/2026,10:30,16:30,6,360,Work,Project Work,,Home Office,7,5,,,,,,
,12/02/2026,09:30,10:21,0.85,51,Biomechanics of Human Movement,Lecture,,Home,5,5,BMHM4,,,,,
,11/02/2026,13:30,17:21,3.85,231,Advanced Software Development for Robotics,Meeting,ASDfR 1,University,4,8,,,,,,
,11/02/2026,11:30,13:27,1.95,117,Biomechanics of Human Movement,Practical,BMHM 1,University,7,6,,Bicycle,80,,,
,11/02/2026,09:00,10:00,1,60,Necesarry Self Care,Health,,,3,5,,,,,,
,10/02/2026,15:30,16:00,0.5,30,Biomechanics of Human Movement,Meeting,BMHM 1,University,,,,,,,,
,10/02/2026,12:30,15:30,3,180,Advanced Software Development for Robotics,Meeting,ASDfR 1,University,,,,,,,,
,10/02/2026,10:45,12:30,1.75,105,Advanced Software Development for Robotics,Lecture,,University,,,ASDfR2,,,,,
,10/02/2026,09:15,10:30,1.25,75,Design Principles for Robotic and Mechatronic Mechanisms,Lecture,,University,,,DPPM4,Public Transport,120,,,
,09/02/2026,14:19,17:34,3.25,195,Advanced Software Development for Robotics,Project Work,ASDfR 1,Home,,,,,,,,
,09/02/2026,09:51,13:15,3.4,204,Work,Project Work,,Home Office,,,,,,,,
,09/02/2026,08:00,09:30,1.5,90,Necesarry Self Care,Health,,,,,,,,,,
,08/02/2026,22:26,22:47,0.35,21,System Improvement (Spreadsheet),Project Work,AkademeMate,Home,,,,,,,,
,08/02/2026,14:49,16:19,1.5,90,Design Principles for Robotic and Mechatronic Mechanisms,Studying,,Home,,,DPPM3,,,,,
,08/02/2026,13:31,14:49,1.3,78,Design Principles for Robotic and Mechatronic Mechanisms,Studying,,Home,,,DPPM2,,,,,
,08/02/2026,12:27,13:15,0.8,48,Biomechanics of Human Movement,Studying,,Home,,,BMHM3,,,,,
,07/02/2026,13:45,15:24,1.65,99,Advanced Software Development for Robotics,Project Work,ASDfR 1,Home,,,,,,,,
,07/02/2026,13:03,13:39,0.6,36,Biomechanics of Human Movement,Studying,,Home,7,7,BMHM2,,,,,
,07/02/2026,19:45,00:45,5,300,System Improvement (Spreadsheet),Project Work,AkademeMate,Home,,,,,,,,
,06/02/2026,16:46,18:22,1.6,96,Professional and Personal Development,Project Work,PPD 1,Home,7,6,,,,,,
,06/02/2026,13:15,14:45,1.5,90,Professional and Personal Development,Meeting,PPD 1,University,6,6,,,,,,
,06/02/2026,12:45,13:09,0.4,24,Other University Stuff,Studying,,University,6,5,,,,,,
,06/02/2026,10:45,12:21,1.6,96,Biomechanics of Human Movement,Lecture,,University,8,8,BMHM2,Public Transport,120,,,
,05/02/2026,22:44,23:26,0.7,42,System Improvement (Spreadsheet),Project Work,AkademeMate,Home,5,6,,,,,,
,05/02/2026,20:34,21:37,1.05,63,Professional and Personal Development,Project Work,,Home,5,5,,,,,,
,05/02/2026,17:17,19:02,1.75,105,Biomechanics of Human Movement,Studying,,Home,7,5,BMHM2,,,,,
,05/02/2026,16:30,17:12,0.7,42,Design Principles for Robotic and Mechatronic Mechanisms,Lecture,,Home,4,4,DPPM2,,,,,
,05/02/2026,09:58,16:13,6.25,375,Work,Project work,,Home Office,8,7,,,,,,
,05/02/2026,09:00,10:00,0.95,57,Necesarry Self Care,Health,,Home,4,7,,,,,,
,04/02/2026,21:01,23:40,2.65,159,System Improvement (Spreadsheet),Project work,AkademeMate,Home,8,9,,,,,,
,04/02/2026,18:39,21:00,2.35,141,Other University Stuff,Studying,,Home,7,7,,,,,,
,04/02/2026,16:17,17:50,1.55,93,Design Principles for Robotic and Mechatronic Mechanisms,Lecture,,Home,7,6,DPPM1,,,,,
,04/02/2026,10:45,12:30,1.75,105,Advanced Software Development for Robotics,Lecture,,University,7,8,ASDfR1,Public Transport,120,,,
,03/02/2026,16:25,18:22,1.55,93,Biomechanics of Human Movement,Studying,,Home,6,4,BMHM1,,,,,
,03/02/2026,11:00,15:27,4.45,93,Biomechanics of Human Movement,Lecture,,University,2,5,,Public Transport,120,,,
,02/02/2026,19:00,22:06,3.1,186,System Improvement (Spreadsheet),Project work,AkademeMate,Home,7,8,,,,,,
,02/02/2026,15:30,17:00,1.5,90,Professional and Personal Development,Lecture,PPD 1,University,6,4,,Public Transport,120,,,
,02/02/2026,13:30,15:00,1.5,90,Other University Stuff,Lecture,,University,3,5,,Public Transport,120,,,
,02/02/2026,10:00,12:15,2.25,135,Work,Project work,,Home Office,4,7,,,,,,
