course_id,course_2,content_id,type,topic,date,deadline,start,end,location,marker,hours_spent,material_hours,content,done,cal_id
System Identification with Parameter Estimation and Machine Learning,,lecture 1,lecture,Lecture,20/04/2026,,,,,,0.3,,,done,
Design Principles for Robotic and Mechatronic Mechanisms,,DPPM II,assignment,DPPM II,,,,,,,43.35,,,,
Professional and Personal Development,,PPD 1,assignment,PPD 1,,,,,,,21.75,,,,
Advanced Software Development for Robotics,,ASDfR 1,assignment,ASDfR 1,,,,,,,36.7,,,,
Advanced Software Development for Robotics,,ASDfR 2,assignment,ASDfR 2,,,,,,,27.45,,,,
Advanced Software Development for Robotics,,ASDfR 3,assignment,ASDfR 3,,,,,,,44.45,,,,
Biomechanics of Human Movement,,BMHM 1,assignment,BMHM 1,,,,,,,6.65,,,,
Biomechanics of Human Movement,,Biomechanics 2,assignment,Biomechanics 2,,,,,,,5.2,,,,
Biomechanics of Human Movement,,Biomechanics 3,assignment,Biomechanics 3,,,,,,,7.65,,,,
Modelling and Simulation,,M&S1,assignment,M&S1,,,,,,,13.85,,,,
Modelling and Simulation,,M&S2,assignment,M&S2,,,,,,,3.4,,,,
Modelling and Simulation,,M&S3,assignment,M&S3,,,,,,,11.95,,,,
Modelling and Simulation,,M&S4,assignment,M&S4,,,,,,,6.9,,,,
Modelling and Simulation,,M&S5,assignment,M&S5,,,,,,,8.6,,,,
Modelling and Simulation,,M&S6,assignment,M&S6,,,,,,,14.8,,,,
Modelling and Simulation,,M&S7,assignment,M&S7,,,,,,,20.35,,,,
Modelling and Simulation,,M&S,assignment,M&S,,,,,,,28.5,,,,
AI for Autonomous Robots,,AI1,assignment,AI1,,,,,,,26.2,,,,
AI for Autonomous Robots,,AI2,assignment,AI2,,,,,,,15.05,,,,
Biomechatronics,,BM1,assignment,BM1,,,,,,,9.55,,,,
Biomechatronics,,BM2,assignment,BM2,,,,,,,21.1,,,,
Biomechatronics,,BM3,assignment,BM3,,,,,,,15.15,,,,
Biomechatronics,,BM4,assignment,BM4,,,,,,,20.75,,,,
Professional and Personal Development,,PPD2,assignment,PPD2,,,,,,,7.25,,,,
CBL2,,CBL2,assignment,CBL2,,,,,,,15.25,,,,
System Identification with Parameter Estimation and Machine Learning,,tutorial,tutorial,Tutorial,29/06/2026,,,,important,,,,,,
System Identification with Parameter Estimation and Machine Learning,,exam,exam,Exam,,02/07/2026,,,important,,,,,,
System Identification with Parameter Estimation and Machine Learning,,exam review,exam review,Exam Review,09/07/2026,,,,important,,,,,,
System Identification with Parameter Estimation and Machine Learning,,resit,resit,Resit,20/07/2026,,,,important,,,,,,
Biomechatronics,,quiz,quiz,Quiz 2,,20/04/2026,,,,,,,,done,
Biomechatronics,,lecture 2,lecture,Lecture,21/04/2026,,,,,,,,,done,
Biomechatronics,,quiz,quiz,Quiz 3,,22/04/2026,,,,,,,,done,
Biomechatronics,,lecture 3,lecture,Lecture,22/04/2026,,,,,,,,,done,
Biomechatronics,,q&a,q&a,Q&A,28/04/2026,,,,,,,,,done,
Biomechatronics,,quiz,quiz,Quiz 4,,07/05/2026,,,,,,,,done,
Biomechatronics,,lecture 4,lecture,Lecture,30/04/2026,,,,,,,,,done,
Biomechatronics,,q&a,q&a,Q&A,04/05/2026,,,,,,,,,done,
Biomechatronics,,assignment,assignment,Assignment 1,,08/05/2026,,,,,,,,done,
Biomechatronics,,quiz,quiz,Quiz 5,,19/05/2026,,,,,,,,done,
Biomechatronics,,lecture 5,lecture,Lecture,08/05/2026,,,,,,,,,done,
Biomechatronics,,q&a,q&a,Q&A,11/05/2026,,,,,,,,,done,
Biomechatronics,,q&a,q&a,Q&A,12/05/2026,,,,,,,,,done,
Biomechatronics,,q&a,q&a,Q&A,18/05/2026,,,,,,,,,done,
Biomechatronics,,quiz,quiz,Quiz 6,,17/05/2026,,,,,,,,done,
Biomechatronics,,lecture 6,lecture,Lecture,19/05/2026,,,,,,,,,done,
Biomechatronics,,quiz,quiz,Quiz 7,,20/05/2026,,,,,,,,done,
Biomechatronics,,assignment,assignment,Assignment 2,,22/05/2026,,,,,,,,done,
Biomechatronics,,lecture 7,lecture,Lecture,22/05/2026,,,,,,,,,done,
Biomechatronics,,quiz,quiz,Quiz 8,,25/05/2026,,,,,,,,done,
Biomechatronics,,lecture 8,lecture,Lecture,26/05/2026,,,,,,,,,done,
Biomechatronics,,q&a,q&a,Q&A,29/05/2026,,,,,,,,,done,
Biomechatronics,,q&a,q&a,Q&A,02/06/2026,,,,,,,,,done,
Biomechatronics,,lecture,lecture,Lecture,02/06/2026,,,,,,,,,done,
Biomechatronics,,quiz,quiz,Quiz 9,,01/06/2026,,,,,,,,done,
Biomechatronics,,lecture 9,lecture,Lecture,03/06/2026,,,,,,,,,done,
Biomechatronics,,assignment,assignment,Assignment 3,,05/06/2026,,,,,,,,done,
Biomechatronics,,q&a,q&a,Q&A,09/06/2026,,,,,,,,,done,
Biomechatronics,,q&a,q&a,Q&A,16/06/2026,,,,,,,,,done,
Biomechatronics,,assignment,assignment,Assignment 4,,19/06/2026,,,important,,,,,,
Biomechatronics,,exam,exam,Exam,,24/06/2026,,,important,,,,,,
Biomechatronics,,resit,resit,Resit,23/07/2026,,,,important,,,,,,
Biomechanics,,lectorial 1,lectorial,Lectorial,04/02/2026,,,,,,1.55,,,done,
Biomechanics,,lectorial 2,lectorial,Lectorial,06/02/2026,,,,,,3.55,,,done,
Biomechanics,,practical,practical,Lab Meeting,10/02/2026,,,,,,0.5,,,done,
Biomechanics,,practical,practical,Lab,11/02/2026,,,,,,1.9,,,done,
Biomechanics,,lectorial 3,lectorial,Lectorial,12/02/2026,,,,,,1.65,,,done,
Biomechanics,,lectorial 4,lectorial,Lectorial,12/02/2026,,,,,,,,,done,
Biomechanics,,Ass1 Meeting,,Ass1 Meeting,19/02/2026,,,,,,0.45,,,done,
Biomechanics,,lectorial 5,lectorial,Lectorial,20/02/2026,,,,,,0.45,,,done,
Biomechanics,,lectorial 6,lectorial,Lectorial,05/03/2026,,,,,,0.35,,,done,
Biomechanics,,assignment !,assignment,Assignment 1,,05/03/2026,,,,,9.8,,,done,
Biomechanics,,lectorial 7,lectorial,Lectorial,10/03/2026,,,,,,0.75,,,done,
Biomechanics,,lectorial 8,lectorial,Lectorial,18/03/2026,,,,,,0.1,,,done,
Biomechanics,,assignment !,assignment,Assignment 2,,19/03/2026,,,,,5.2,,,done,
Biomechanics,,lectorial 9,lectorial,Lectorial,20/03/2026,,,,,,0.25,,,done,
Biomechanics,,exam !,exam,Exam Practice,,26/03/2026,,,,,10.7,,,done,
Biomechanics,,assignment !,assignment,Assignment 3,,02/04/2026,,,,,7.65,,,done,
Biomechanics,,exam !,exam,Exam,,16/04/2026,,,,,2,,,done,
PPD,,project 1,,project 1,,,,,,,18.45,,,,
PPD,,first meeting,,first meeting,06/02/2026,,,,,,1.5,,,done,
PPD,,second meeting,,second meeting,13/02/2026,,,,,,,,,done,
exam,,PPD:,,PPD:,,,,,,,,,,,
exam,,PPD personal,,PPD personal,,,,,,,,,,,
