Work Week,1,2,3,4,5,6,7,8,9,10,11,12,13,14,15,16,17,18,19,20,21,22,23,24,25,26,27,28,29,30,31,32,33,34,35,36,37,38,39,40,41,42,43,44,45,46,47,48,49,50,51,52
Monday,4.5,,,7.52,5.61,4.59,5.59,6.34,,2.54,,5.27,5.62,1.93,1.33,1.12,3.88,3.66,5.81,4.29,2.89,1.8,,0.47,5.72,2.02,1.69,0.71,1.09,3.76,,,,,,,,,,,,,,,,,,,,,,
Tuesday,0.04,,6.3,,1.73,2.28,1.46,7.74,2.62,6.52,0.42,1.5,4.48,1.14,3.41,5.44,5.52,,,0.79,3.09,,,1.67,6.28,7.13,0.77,7.65,2.13,3.04,,,,,,,,,,,,,,,,,,,,,,
Wednesday,1.25,6.56,,6.36,,3.91,,7.34,,0.14,6.73,1.94,7.74,7.36,3.29,3.44,3.74,0.13,7.52,2.79,,3.22,4.78,4.15,2.06,,0.96,1.98,2.59,5.92,,,,,,,,,,,,,,,,,,,,,,
Thursday,3.09,5.94,0.38,7.33,,7.67,8,6.55,0.65,1.24,6.35,7.39,0.4,4.82,5.98,2.49,1.3,1.77,,5.95,0.14,,3.14,4.28,,5.44,,6.49,4.82,,,,,,,,,,,,,,,,,,,,,,,
Friday,1.63,4.89,,5.48,2.11,2.63,2.74,1.34,1.46,6.91,1.92,6.55,4.68,0.8,2.3,3.34,5.79,4.17,5.58,7.2,,0.85,4.71,3.63,0.59,7.89,0.56,0.26,1.63,4.01,,,,,,,,,,,,,,,,,,,,,,
Saturday,,1.57,3.41,6.28,5.68,4.04,7.73,2.22,2.5,3.75,,1.48,6.79,0.61,4.3,0.13,0.36,,6.62,5.49,5.08,7.45,,5.39,5.01,2.32,3.96,3.65,,1.17,,,,,,,,,,,,,,,,,,,,,,
Sunday,,7.25,5.62,,5.82,2.36,6.82,2.25,5.81,0.09,4.47,3.94,5.83,,,7.95,1.9,0.17,,1.85,2.78,5.03,6.16,7.35,4.2,5.98,0.84,6.08,3.28,4.33,,,,,,,,,,,,,,,,,,,,,,

Year 2026 [h],5.17,29.95,31.53,10.44,4.33,21.23,12.41,29.27,14.57,20.39,26.72,22.93,11.42,29.78,5.53,30.25,12.55,17.05,23.84,13.34,18.97,29.67,23.59,21.95,10.75,30.1,29.43,29.31,14.02,26.58,,,,,,,,,,,,,,,,,,,,,,
